menu	official_label_en	disposition	target	note
File	New	stable	file.new	New unnamed document
File	Open	stable	file.open	Native open panel
File	Open part of file...	stable	file.openPartial	Byte-range partial open
File	Load...	stable	file.closeAndOpen	Close current file and open another
File	Close file	stable	file.closeTab	Close current document tab
File	Save	stable	file.save	Save in original encoding and line endings
File	save(line separated by LF only)([)	stable	file.saveLF	Save with LF line endings
File	Save as...	stable	file.saveAs	Native save panel
File	Append save to other file(])	stable	file.appendSave	Append current contents to another file
File	Insert file...	stable	insert.fileContents	Insert decoded file contents at selections
File	Print...	stable	file.print	Native AppKit printing
File	Open project...	stable	file.openFolder	Folder-backed project
File	Save as project...	stable	file.saveWorkspace	Portable workspace captures project documents
File	Open desktop...	stable	file.openWorkspace	Open .maruedit-workspace desktop
File	Save as desktop...	stable	file.saveWorkspace	Save .maruedit-workspace desktop
File	Close desktop	stable	file.closeWorkspace	Close the workspace document set with normal save/discard/cancel confirmation
File	New web browse mode(H)	stable	view.webBrowseMode	Open the active document in the embedded WebKit browser pane
File	FTP Open(G)...	native	macOS.mountedRemoteOpen	Open files from Finder-mounted FTP SFTP or WebDAV volumes
File	FTP Save as...	native	macOS.mountedRemoteSave	Save through native file panels to mounted remote volumes
File	Encoding	group	file.encodingAndBinary	Encoding choices are dynamic; binary mode is file.openBinary
File	Browse mode	stable	file.toggleViewMode	Document-local View Mode
File	Switch Read-only	stable	file.toggleOverwriteProtection	Edit-preserving same-path overwrite prohibition
File	Web	group	view.webCommands	Embedded WebKit pane plus default-browser destination commands
File	Save and Exit all	stable	file.saveAllAndClose	Save and close all documents
File	Exit	native	NSApplication.terminate	macOS application lifecycle command
File	Quit all	stable	file.discardAllAndClose	Close all documents with normal unsaved-change handling
File	Save all(Z)	stable	file.saveAll	Save all documents
File	save all(updated file only)	stable	file.saveAllModified	Save modified documents only
File	Quit without saving(K)	stable	file.discardAndClose	Discard and close current document
File	Quit all without saving	stable	file.discardAllAndClose	Discard and close all documents
File	Close window	native	NSWindow.performClose	Native macOS window close
File	Property of file	stable	file.properties	Current file metadata
File	Rename current file(-)...	stable	file.rename	Filesystem rename with document update
File	Open it(J)	stable	file.openCursorTargetAssociated	Open cursor target with associated application
File	Open it by Maruo Editor	stable	file.openCursorTargetInEditor	Open cursor target in MaruEdit
File	Open by shell	stable	file.openCursorTargetAssociated	Open cursor target through NSWorkspace association
File	Reload(/)	stable	file.reload	Reload current file from disk
File	Stop file history(^)	stable	file.toggleHistoryRecording	Suspend/resume recent history recording
File	File history	dynamic	NSDocumentController.recentDocumentURLs	Native recent-file list
File	Folder history	stable	file.projectHistory	Recent folder projects
File	Desktop history(@)	stable	file.workspaceHistory	Recent .maruedit-workspace desktops
File	Project history(:)	stable	file.projectHistory	Recent folder projects
Hilight	Outline...	stable	highlight.outlineAnalysis	Reveal the live profile-aware outline pane
Hilight	Go Next Highlighted line	stable	highlight.nextLine	Wraparound highlighted-line navigation
Hilight	Go Previous Highlighted line	stable	highlight.previousLine	Reverse wraparound highlighted-line navigation
Hilight	Select Highlighted line area	stable	highlight.selectLineArea	Select the contiguous highlighted logical-line region
Bookmark	Add bookmark...	stable	navigate.toggleBookmark	Add or remove the current document line bookmark
Bookmark	Edit bookmark...	stable	navigate.bookmarkList	List bookmarks with jump and remove actions
Help	External Help(1)	stable	help.external1	Persistent external-help slot 1
Help	External Help 2(2)	stable	help.external2	Persistent external-help slot 2
Help	External Help 3(3)	stable	help.external3	Persistent external-help slot 3
Help	External Help 4(4)	stable	help.external4	Persistent external-help slot 4
Help	External Help 5(5)	stable	help.external5	Persistent external-help slot 5
Help	External Help 6(6)	stable	help.external6	Persistent external-help slot 6
Help	Version check...	stable	help.checkUpdates	Open the release-check destination
Help	Help for Maruo Editor	stable	app.help	Open the MaruEdit user guide
Help	Macro help	stable	help.macros	Open the macro guide
Help	About Maruo Editor	native	NSApplication.orderFrontStandardAboutPanel	Native macOS About panel in the application menu
Conv	to Upper case	stable	edit.uppercase	Unicode-aware uppercase conversion
Conv	to Lower case	stable	edit.lowercase	Unicode-aware lowercase conversion
Conv	Convert to hankaku	stable	convert.halfWidth	Generic full-width to half-width conversion
Conv	To zenkaku-hiragana	stable	convert.hiragana	Full-width hiragana conversion
Conv	To zenkaku-katakana	stable	convert.katakana	Full-width katakana conversion
Conv	To hankaku alphabet	stable	convert.halfWidthAlphanumeric	Selective alphanumeric symbol and space conversion
Conv	To zenkaku alphabet	stable	convert.fullWidthAlphanumeric	Selective full-width alphanumeric conversion
Conv	To hankaku katakana only	stable	convert.halfWidthKatakana	Selective katakana half-width conversion
Conv	To zenkaku katakana only	stable	convert.fullWidthKatakana	Selective katakana full-width conversion
Conv	Tab -&gt; Space	stable	convert.tabsToSpaces	Tab-to-space conversion using active tab width
Conv	Space -&gt; Tab	stable	convert.spacesToTabs	Space-to-tab conversion using active tab width
Conv	Indent	stable	edit.indent	Multi-selection line indent
Conv	Unindent	stable	edit.outdent	Multi-selection line outdent
Conv	Sort...	stable	edit.sortLines	Stable line sort with one-step Undo
Macro	Start/Stop record	stable	macro.toggleRecording	Single menu command toggles recording state
Macro	Play	stable	macro.playRecording	Play captured command sequence once
Macro	Repeat play...	stable	macro.repeatPlayback	Prompt for bounded repeat count
Macro	Save record...	stable	macro.saveRecording	Save capture as non-overwriting JavaScript macro
Macro	Load record...	stable	macro.reload	Reload saved recordings into the registered catalog
Macro	Execute macro...	stable	macro.run	Choose and execute a registered macro
Macro	Register macro...	dynamic	macro.registeredCatalog	Metadata-driven named catalog and shortcut assignments replace fixed Windows slots
Macro	Macro folder	stable	macro.openFolder	Reveal the permission-scoped macro folder in Finder
Macro	Macro help	stable	macro.help	Open macro documentation
Insert	Date and Time	stable	insert.dateTime	Insert locale-formatted current date and time
Insert	Return	stable	insert.newline	Insert a logical newline at every active selection
Insert	Form feed	stable	insert.pageBreak	Insert the form-feed control character
Insert	Insert tab	stable	insert.tab	Insert a literal tab according to OldMaru tab behavior
Insert	Duplicate line	stable	edit.duplicateLine	Duplicate current lines or selections in one Undo transaction
Insert	Insert line	stable	insert.blankLine	Insert an indentation-preserving blank line
Insert	Insert control code...	stable	insert.controlCode	Insert a validated C0 or DEL control code
Insert	Insert file...	stable	insert.fileContents	Decode and insert file contents at the cursor
Insert	Current file name	stable	insert.currentFileName	Insert current file basename
Insert	Undelete	stable	edit.restoreDeletion	Restore the most recent deletion at active selections
Insert		stable	insert.template	Official unlabeled Template submenu maps to file-type profile templates
Other	Configure for each file type...	stable	other.fileTypeProfiles	Edit built-in and user file-type profiles
Other	Configure for each file type list...	stable	other.fileTypeProfiles	Profile list and editor are one native window
Other	Environment...	stable	app.settings	Open application environment settings
Other	Key assignment...	stable	other.keyAssignments	Edit portable key and chord assignments
Other	Edit user-menu...	stable	view.customizeMenus	Edit menu placement and visibility
Other	Clear history...	group	other.clearHistory	Categorized find replace grep clipboard file folder workspace and encoding history commands
Other	Tag jump	stable	navigate.tagJump	Resolve and jump using the project tags index
Other	Direct tag jump	stable	navigate.directTagJump	Jump directly from the symbol under the cursor
Other	Back tag jump	stable	navigate.backTagJump	Return through the tag-jump stack
Other	Insert control code...	stable	insert.controlCode	Duplicate official placement of control-code insertion
Other	Make tags file...	stable	navigate.generateTags	Generate bounded portable tags atomically
Other	Execute program...	dynamic	externalCommands.catalog	Permission-scoped external programs stream through the shared Output pane
Other	Edit spell miss(Z)...	stable	other.correctSpelling	Native AppKit spelling suggestions at the cursor
Other	Command list...	stable	other.commandList	Searchable complete stable command list
Other	Browse mode	stable	file.toggleViewMode	Duplicate official placement of document View Mode
Other	Switch Read-only	stable	file.toggleOverwriteProtection	Duplicate official placement of overwrite prohibition
Other	(kanji-key switch)	native	macOS.inputSourceMenu	Input-source switching is owned by the macOS Input menu and system shortcut
Other	(kanji register)	stable	other.japaneseUserDictionary	Open Apple's supported Japanese user-dictionary workflow
Other	Free cursor mode	stable	other.toggleFreeCursor	Persistent virtual caret columns beyond line endings
Other	Tategaki mode(Q)	stable	view.toggleVerticalLayout	Native AppKit vertical glyph layout
Other	Multi column mode(J)	stable	view.toggleColumnLayout	Continuous editable TextKit column flow
Other	Backup/Restore environment...	group	other.settingsTransfer	Export import and restore-default settings commands
Other	Version check...	stable	help.checkUpdates	Duplicate official placement of release check
Other	Help for Maruo Editor	stable	app.help	Duplicate official placement of user guide
Other	Macro help	stable	help.macros	Duplicate official placement of macro guide
Other	About Maruo Editor	native	NSApplication.orderFrontStandardAboutPanel	macOS requires About in the application menu
Tool	User Menu 1	dynamic	userMenus.slot1	Persistent ordered CommandID menu slot 1
Tool	User Menu 2	dynamic	userMenus.slot2	Persistent ordered CommandID menu slot 2
Tool	User Menu 3	dynamic	userMenus.slot3	Persistent ordered CommandID menu slot 3
Tool	User Menu 4	dynamic	userMenus.slot4	Persistent ordered CommandID menu slot 4
Tool	User Menu 5	dynamic	userMenus.slot5	Persistent ordered CommandID menu slot 5
Tool	User Menu 6	dynamic	userMenus.slot6	Persistent ordered CommandID menu slot 6
Tool	User Menu 7	dynamic	userMenus.slot7	Persistent ordered CommandID menu slot 7
Tool	User Menu 8	dynamic	userMenus.slot8	Persistent ordered CommandID menu slot 8
Tool	External Help(1)	stable	help.external1	Persistent external-help slot 1
Tool	External Help 2(2)	stable	help.external2	Persistent external-help slot 2
Tool	External Help 3(3)	stable	help.external3	Persistent external-help slot 3
Tool	External Help 4(4)	stable	help.external4	Persistent external-help slot 4
Tool	External Help 5(5)	stable	help.external5	Persistent external-help slot 5
Tool	External Help 6(6)	stable	help.external6	Persistent external-help slot 6
Tool	Execute program...	dynamic	externalCommands.catalog	Permission-scoped external command catalog and runner
Tool	Explorer	stable	tools.openFinder	Reveal the active file or project in Finder
Tool	Macro folder	stable	macro.openFolder	Reveal the permission-scoped macro folder in Finder
Tool	Tag jump	stable	navigate.tagJump	Resolve and jump using the project tags index
Tool	Direct tag jump	stable	navigate.directTagJump	Jump directly from the symbol under the cursor
Tool	Back tag jump	stable	navigate.backTagJump	Return through the tag-jump stack
Tool	Make tags file...	stable	navigate.generateTags	Generate bounded portable tags atomically
Tool	Backup/Restore environment...	group	other.settingsTransfer	Export import and restore-default settings commands
Tool	Configure for each file type...	stable	other.fileTypeProfiles	Open the file-type profile editor
Tool	Configure for each file type list...	stable	other.fileTypeProfiles	Profile list and editor are one native window
Tool	Environment...	stable	app.settings	Open application environment settings
Tool	Key assignment...	stable	other.keyAssignments	Edit portable key and chord assignments
Tool	Edit user-menu...	stable	tools.configureUserMenus	Edit eight persistent ordered user menus
Tool	Clear history...	group	other.clearHistory	Categorized find replace grep clipboard file folder workspace and encoding history commands
Window	Vertical	stable	window.tileVertical	Tile managed document windows in columns
Window	Horizontal	stable	window.tileHorizontal	Tile managed document windows in rows
Window	Cascade	stable	window.cascade	Native AppKit cascading for managed windows
Window	Tile	stable	window.tileGrid	Tile managed windows in a balanced grid
Window	Minimize all	stable	window.minimizeAll	Minimize every managed document window
Window	Divide window	stable	view.splitHorizontal	Create a top and bottom editor split
Window	Divide window R-L(M)	stable	view.splitVertical	Create a left and right editor split
Window	Switch divided window(J)	group	window.splitFocus	Forward and reverse focus traversal switches split editors
Window	Scroll link of split	stable	view.toggleLinkedScrolling	Toggle synchronized scrolling between split editors
Window	Scroll link...	stable	window.toggleCrossDocumentScrollLink	Synchronize editor scrolling across all managed MaruEdit windows
Window	Compare file...	stable	navigate.compareNextDocument	Compare the active document with another open document
Window	Next Compare	stable	navigate.nextDifference	Move to the next diff hunk
Window	Previous Compare	stable	navigate.previousDifference	Move to the previous diff hunk
Window	Save desktop	stable	file.saveWorkspace	Save the current desktop as a portable workspace
Window	Restore desktop	stable	file.openWorkspace	Restore a portable saved desktop
Window	Open desktop(Q)...	stable	file.openWorkspace	Choose and restore a portable saved desktop
Window	Save as desktop(Y)...	stable	file.saveWorkspace	Choose a destination and save the desktop
Window	Close desktop	stable	file.closeWorkspace	Close all workspace documents with normal confirmation
Window	Always on top	stable	window.alwaysOnTop	Toggle native floating window level
Window	Full screen(Z)	stable	window.fullScreen	Toggle native macOS full-screen
Window	Outline pane	stable	window.showOutlinePane	Reveal and focus the outline pane
Window	Each browser pane	stable	window.showDocumentBrowserPane	Open embedded WebKit at the active document URL
Window	File maneger pane(X)	stable	window.showFilesPane	Reveal and focus the Files utility pane
Window	Switch file maneger pane	stable	window.focusUtilityPane	Switch keyboard focus to the utility pane
Window	Output pane	stable	view.toggleOutputPane	Show or hide the shared output pane
Window	Switch output pane	stable	view.focusOutputPane	Reveal and focus the shared output pane
Window	Browser pane	stable	window.showSharedBrowserPane	Reveal the shared embedded WebKit browser pane
Window	Browser pane show/hide	stable	window.toggleBrowserPane	Show or collapse the embedded browser pane
Window	Switch browser pane	stable	window.focusBrowserPane	Reveal the browser and focus its address field
Window	Switch pane focus(G)	group	window.paneFocus	Explicit editor and utility focus commands plus full keyboard focus loop
Window	Tab mode	group	window.nativeTabWorkspace	MaruEdit uses an always-available native document tab workspace
Window	Separate/Move this tab(I)	stable	window.detachTab	Transfer the active Document into a new managed window
Window	Separate/Move this tab (no dialog)(I)	stable	window.detachTab	Direct native detachment needs no destination dialog
Window	Minimize current tab(K)	stable	window.minimizeTab	Map tab minimization to its native document window
Window	Close other tab	stable	window.closeOtherTabs	Close all tabs except the active tab with confirmation
Window	Close all left tab	stable	window.closeTabsLeft	Close tabs left of the active tab with confirmation
Window	Close all right tab	stable	window.closeTabsRight	Close tabs right of the active tab with confirmation
Window	Next Maruo Editor	stable	window.nextManaged	Activate the next non-minimized managed window
Window	Previous Maruo Editor	stable	window.previousManaged	Activate the previous non-minimized managed window
Window	Next Maruo Editor(with minimize)	stable	window.nextManagedIncludingMinimized	Cycle forward and restore minimized managed windows
Window	Prev Maruo Editor(with minimize)	stable	window.previousManagedIncludingMinimized	Cycle backward and restore minimized managed windows
Window	Just before active	stable	window.previousActive	Activate the previously active managed window
Window	Window list...	stable	window.tabList	Select an open document from the complete tab list
Disp	Tool bar	stable	view.toggleToolbar	Persistently show or hide the Maru Classic toolbar
Disp	Tab mode	group	window.nativeTabWorkspace	Native document tabs are always available and hidden for one document
Disp	Function-Key	stable	view.toggleFunctionKeys	Show or hide the twelve-slot function-key strip
Disp	Status bar	stable	view.toggleStatusBar	Show or hide the interactive status bar
Disp	File maneger pane(X)	stable	window.showFilesPane	Reveal and focus the Files utility pane
Disp	Output pane	stable	view.toggleOutputPane	Show or hide the shared output pane
Disp	Browser pane	stable	window.showSharedBrowserPane	Reveal the embedded WebKit browser pane
Disp	Browser pane show/hide	stable	window.toggleBrowserPane	Show or collapse the embedded browser pane
Disp	Outline pane	stable	window.showOutlinePane	Reveal and focus the outline pane
Disp	Headline bar(U)	stable	view.toggleHeading	Show or hide the classic heading bar
Disp	Left margin for folding	stable	view.toggleFoldMargin	Independently toggle interactive fold controls in the gutter
Disp	Line-number	stable	view.toggleLineNumbers	Show or hide the line-number gutter
Disp	Ruler	stable	view.toggleRuler	Show or hide the configurable horizontal ruler
Disp	Auto spell check	stable	view.toggleSpellChecking	Toggle native continuous spelling
Disp	Each browser pane	stable	window.showDocumentBrowserPane	Open embedded WebKit at the active document URL
Disp	Each browser pane show/hide	stable	window.toggleBrowserPane	Show or collapse the document browser pane
Disp	Column(I)	group	view.columnDisplayOptions	Wrap ruler tab-stop and vertical-writing display options
Disp	Multi column mode(J)	stable	view.toggleColumnLayout	Continuous editable TextKit column flow
Disp	Web browse mode	stable	view.webBrowseMode	Open the active document in embedded WebKit
Disp	Show character code	stable	view.showCharacterCode	Show encoding-aware code details at the cursor
Disp	Count characters	stable	view.showCharacterCount	Open configurable weighted character counting
Disp	Redraw	stable	view.redraw	Invalidate editor gutter and classic chrome
Disp	Range-Edit In([)	stable	view.beginPartialEditing	Isolate the containing outline range without document mutation
Disp	Range-Edit Out(])	stable	view.endPartialEditing	Restore full-document editing
Disp	Folding(V)	group	view.foldingAndFullscreen	Toggle fold and native full-screen commands
Edit	Undo	native	NSUndoManager.undo	Native document undo transaction
Edit	Redo	native	NSUndoManager.redo	Native document redo transaction
Edit	Repeat previous action	stable	edit.repeatLastOperation	Repeat the most recent deterministic edit or conversion
Edit	Restore deletion	stable	edit.restoreDeletion	Restore the most recently deleted text
Edit	Cut	native	NSText.cut	Native multi-range cut through the first responder
Edit	Copy	native	NSText.copy	Native multi-range copy through the first responder
Edit	Copy with Reference	stable	edit.copyQuoted	Copy selected logical lines with quote prefixes
Edit	Cut for append(W)	stable	edit.appendCut	Append selection to clipboard and remove it undoably
Edit	Copy for append(A)	stable	edit.appendCopy	Append selection to the current clipboard
Edit	Paste	native	NSText.paste	Native first-responder paste
Edit	Paste with Reference(@)	stable	edit.pasteQuoted	Remove quote prefixes while pasting
Edit	Delete	native	NSText.deleteForward	Native forward deletion
Edit	Delete line	stable	edit.deleteLine	Delete selected logical lines as one transaction
Edit	Delete line 2	stable	edit.deleteLine	Logical-line deletion is the default MaruEdit line operation
Edit	Delete after cursor	stable	edit.deleteToLineEnd	Delete to logical line end without consuming newline
Edit	Delete before cursor	stable	edit.deleteToLineStart	Delete to logical line start
Edit	Delete word	stable	edit.deleteWordForward	Delete using native forward word boundary
Edit	Delete Word (all)	stable	edit.deleteWordAll	Select and delete the complete current word
Edit	Delete Word (front)	stable	edit.deleteWordBackward	Delete using native backward word boundary
Edit	Backspace	native	NSText.deleteBackward	Native backward deletion
Edit	Convert	group	convert.pipelineDialog	Parameterized conversion and formatting pipeline
Edit	Reconvert(G)	stable	edit.reconvert	Route selection to the active input method reconversion command
Edit	Change case(K)	stable	edit.correctCapsLock	Toggle selected or current word letter case
Edit	Begin selection	group	macOS.selectionExtension	Native Shift plus movement extends selection from the anchor
Edit	Begin Box selection	stable	edit.beginColumnSelection	Begin rectangular selection mode
Edit	Begin Box selection (by multi)	stable	edit.beginColumnSelection	Rectangular ranges materialize as multiple selections
Edit	Begin line selection(:)	stable	edit.selectLine	Select the complete logical line
Edit	Select all	native	NSText.selectAll	Native first-responder select all
Edit	To multi select(])	group	edit.multipleSelection	Select-next and select-all-occurrence commands create multiple selections
Edit	Invert selection(^)	stable	edit.invertSelections	Select the complement of all active selections
Edit	paste + history back	stable	edit.pastePreviousClipboard	Paste the preceding monitored clipboard value
Edit	paste + history back(¥)	stable	edit.pastePreviousClipboard	Second official binding reaches the same clipboard-history action
Edit	Clipboard History...	stable	edit.clipboardHistory	Browse paste or clear monitored clipboard values
Edit	Box paste(J)	stable	edit.boxPaste	Map clipboard lines vertically from the visual cursor column
Edit	Select word	stable	edit.selectWord	Select the complete current word
Edit	Select line	stable	edit.selectLine	Select the complete current logical line
Edit	Copy word	stable	edit.copyWord	Select and copy the complete current word
Edit	Cut word	stable	edit.cutWord	Select and cut the complete current word
Edit	Copy line	stable	edit.copyLine	Select and copy the complete logical line including ending
Edit	Cut line(/)	stable	edit.cutLine	Select and cut the complete logical line undoably
Edit	Cut after cursor	stable	edit.cutToLineEnd	Cut to logical line end without consuming newline
Edit	Copy it(Z)	group	edit.copyVariants	Native quoted word line and append-copy variants
Edit	Multi select(.)	group	edit.selectNextOccurrence	Select next occurrence plus completion commands
Edit	Complete decide 1	dynamic	completion.candidate1	Choose candidate 1 from the native accessible completion panel
Edit	Complete decide 2	dynamic	completion.candidate2	Choose candidate 2 from the native accessible completion panel
Edit	Complete decide 3	dynamic	completion.candidate3	Choose candidate 3 from the native accessible completion panel
Edit		stable	insert.template	Official Template submenu inserts a selected profile template
Edit	Find...	stable	search.find	Open the unified Find bar
Edit	Replace...	stable	search.replace	Open the unified Replace bar
Edit	Reload	stable	file.reload	Reload active document from disk with modification protection
Edit	Clear undo buffer	stable	edit.clearUndoBuffer	Remove all undo and redo actions for the active editor
Search	Find...	stable	search.find	Open the unified incremental Find bar
Search	Find(up)...	stable	search.findUpward	Open Find with upward Return direction
Search	Find word...	stable	search.findWord	Capture and search the native whole word at cursor
Search	Next	stable	search.findNext	Find the next match with wrapping
Search	Previous	stable	search.findPrevious	Find the previous match with wrapping
Search	Select all found(¥)	stable	search.selectAllMatches	Create one selection per unified-engine match
Search	List all found(¥¥)	stable	search.listAllMatches	List matching lines in Results
Search	Show outline for all found	stable	search.outlineAllMatches	Build navigable outline rows for every match
Search	Color marker all found(:)	stable	search.colorAllMatches	Apply rotating temporary color to all matches
Search	Clear color marker all found	stable	search.clearMatchColors	Remove match colors and gutter markers
Search	Replace...	stable	search.replace	Open the unified Replace bar
Search	Highlight found string	stable	search.toggleHighlight	Toggle all-match highlighting for active query
Search	Get find text	stable	search.captureString	Capture selection or current word into search state
Search	Return to start position	stable	search.returnToStart	Restore caret captured when search began
Search	Jump...	stable	search.goToLine	Jump to validated logical line number
Search	Top of file	stable	navigate.documentStart	Move to UTF-16 offset zero
Search	Bottom of file	stable	navigate.documentEnd	Move to terminal insertion point
Search	To Screen top(Y)	stable	navigate.screenStart	Move to first currently visible character
Search	To Screen bottom(Z)	stable	navigate.screenEnd	Move to final currently visible character
Search	Word right	stable	edit.moveWordRight	Native word-boundary movement right
Search	Word right (salnen style)	stable	navigate.wordRightSalnen	Move to alphanumeric or full-width word end
Search	Word left	stable	edit.moveWordLeft	Native word-boundary movement left
Search	Move to word top	stable	navigate.wordStart	Move to native word start
Search	Move to word bottom	stable	navigate.wordEnd	Move to native word end
Search	To top of line	stable	navigate.lineStart	Move to TextKit visual-line start
Search	To bottom of line	stable	navigate.lineEnd	Move onto visual-line final character
Search	To bottom of line(type 2)	stable	navigate.lineEndAfterCharacter	Move after visual-line final character
Search	go logical line top	stable	navigate.logicalLineStart	Move to newline-delimited line start
Search	go logical line end	stable	navigate.logicalLineEnd	Move before logical line ending
Search	Next page	stable	navigate.nextPage	Native page-down navigation
Search	Previous page	stable	navigate.previousPage	Native page-up navigation
Search	Half next page	stable	navigate.halfNextPage	Advance by half visible character range
Search	Half prev page	stable	navigate.halfPreviousPage	Rewind by half visible character range
Search	Scroll up	stable	navigate.scrollUp	Scroll one line while moving cursor
Search	Scroll down	stable	navigate.scrollDown	Scroll one line while moving cursor
Search	Scroll Up (type 2)	stable	navigate.scrollUp2	Scroll one line preserving visual cursor
Search	Scroll Down (type 2)	stable	navigate.scrollDown2	Scroll one line preserving visual cursor
Search	Back tab	stable	navigate.previousTabStop	Move to preceding configured display-column tab stop
Search	Forward tab	stable	navigate.nextTabStop	Move to following configured display-column tab stop
Search	Jump to mached parenthesis(K)	stable	navigate.matchingBracket	Match nested parentheses brackets or braces
Search	move to {	stable	navigate.openingBrace	Move to nearest containing opening brace
Search	move to }	stable	navigate.closingBrace	Move to next closing brace
Search	Jump to mached tag	stable	navigate.matchingTag	Match nested HTML or XML tags
Search	Last updated position	stable	navigate.lastEdit	Move to most recently recorded edit mark
Search	Find Updated position Down	stable	search.nextEditMark	Navigate to next changed-line mark with wrapping
Search	Find Updated position Up	stable	search.previousEditMark	Navigate to previous changed-line mark with wrapping
Search	Clear edit marks	stable	search.clearEditMarks	Clear edit marks without changing dirty state
Search	Previous position	stable	navigate.previousCursor	Pop bounded cursor-position history
Search	Highlighted line	stable	search.toggleMark	Toggle classic yellow mark on current line
Search	Mark list...	stable	search.listMarks	List marked lines in Results
Search	Search marked line down(X)	stable	navigate.nextMarker	Navigate to next marked line with wrapping
Search	Search marked line up(Q)	stable	navigate.previousMarker	Navigate to previous marked line with wrapping
Search	Clear all mark	stable	search.clearAllMarks	Clear marks across all open documents
Search	Clear current file mark	stable	search.clearCurrentMarks	Clear marks only in active document
Search	Find-marker list(-)...	stable	search.listColorLayers	List persistent query color layers and counts
Search	Color marker(/)	group	highlight.temporaryMarkers	Configure apply remove select and navigate temporary markers
Search	Previous result	stable	search.previousResult	Navigate search-color then Grep results backward
Search	Nest grep result	stable	search.nextGrepResult	Open next Grep output row
Search	Previous grep result	stable	search.previousGrepResult	Open previous Grep output row
Search	grep and replace(@)...	stable	search.grepReplace	Open directory Grep replacement workflow with preview
Search	grep...	stable	search.grep	Run bounded cancellable directory Grep
Search	Select inselect	stable	search.selectRange	Reselect explicit search scope
Search	Set inselect	stable	search.setRange	Persist current selection as explicit search scope
Search	Cursor up	native	NSText.moveUp	Native visual-line cursor movement
Search	Cursor down	native	NSText.moveDown	Native visual-line cursor movement
Search	Cursor right	native	NSText.moveForward	Native grapheme-aware cursor movement
Search	Cursor left	native	NSText.moveBackward	Native grapheme-aware cursor movement
Search	Cursor up (no wrap)	native	NSText.moveToBeginningOfParagraph	Native logical-line upward binding substitute
Search	Cursor down (no wrap)	native	NSText.moveToEndOfParagraph	Native logical-line downward binding substitute
Search	Fast cursor up	native	NSText.pageUp	Native accelerated upward navigation
Search	Fast cursor down	native	NSText.pageDown	Native accelerated downward navigation
